m1_src,m2_src,Mc,eta,z,dL,Lambda1,Lambda2,chi1z,chi2z,ra,dec,theta,phi,iota,psi,tGPS,tcoal,Phicoal,LambdaTilde,deltaLambda
1.814179454715255,1.1349610160657133,1.9831656623436735,0.23673925190966733,0.5962516996132173,3.6084234018520114,41.31213917896854,920.6452411209619,-0.04483182788313923,-0.03968761311640674,4.386679423564178,-0.7236573518138929,2.2944536786087895,4.386679423564178,2.1947242100576956,1.6731790486836187,1646417565.5289063,0.22254226983858827,4.443711395787703,231.14406739774802,76.18971038393664
1.807926537911269,1.193595128339646,2.511205244318543,0.23952720784656548,0.9720949266870503,6.558619555630785,42.45591546618742,695.7108019315876,0.0031354631568148023,0.040255290667956675,3.3683928122457423,-0.458740661629911,2.0295369884248076,3.3683928122457423,2.8143604139351037,0.16280844256437652,1657699426.5183773,0.15714530591874754,0.9584310732101232,200.25070607097052,61.7145577712587
1.449681490774395,1.2797916155532925,2.1844854973916443,0.24903146043961483,0.8429680953980992,5.504285025846316,210.96485442672946,458.6336780895165,0.0040635121610106545,0.0005252372447857173,1.9448193708165753,-0.7023051256293473,2.273101452424244,1.9448193708165753,2.2615640912337427,1.057473527540916,1668167860.400418,0.6513062456741603,3.620926557298738,313.90267208441884,29.363005505567795
2.0995285189418262,1.6657209283619705,2.858283400898042,0.24668146199668856,0.7580435354463407,4.832653018207387,8.979800477425256,80.56618379648286,0.013742990149820652,0.03264574661077417,5.113224910878622,-0.9659595687141165,2.536755895509013,5.113224910878622,1.4039400403817708,0.42227616160612685,1663717926.2479978,0.006425819672905181,3.812103065077541,33.3621133324139,9.570477477988852
2.109553552926614,1.7745760551608263,2.3338307309792574,0.24814055280212802,0.38661851103705236,2.1523133213085672,8.428470487184748,49.266333643691546,0.022609133372266152,-0.017995039896938826,4.302292842758384,-0.8613585893192233,2.43215491611412,4.302292842758384,1.728601365421937,0.1990983416587172,1666068617.2421339,0.28798800742014835,2.6648916022513665,23.865077022704984,5.899999696722729
1.3773062501587483,1.1102305631628853,1.4909399729501438,0.24711816120293825,0.3865892973930273,2.1521223223237653,291.64010650553536,1045.668631725002,0.04758520794625347,0.039552322849620056,1.021752363990335,-0.07852313312859405,1.6493194599234906,1.021752363990335,0.6675456473337447,3.110051793422296,1661395529.135473,0.053235711727310425,4.62721560083436,561.4460165644992,81.81124270082765
1.556499385900374,1.212874328839179,1.4797250816584793,0.24615101226700278,0.23902050512004222,1.2365694830882779,130.92258657103346,631.6557596310689,0.001630034830119531,-0.011079832126583686,5.723524301522179,-0.6277590898779648,2.1985554166728614,5.723524301522179,0.8829339141675837,1.0127044712290127,1662454664.4338093,0.3453087995457607,5.870801098709926,298.97198072281407,55.193758713370435
1.9404556120657215,1.8380622660932269,3.1619136926843328,0.24981641359577908,0.9233394885488626,6.15611304966776,22.40025790733307,36.97816225858032,-0.017704352705875406,-0.048916234851970164,5.168153919342862,-0.2749099587668513,1.8457062855617479,5.168153919342862,1.8926918546629834,2.5442956094270257,1667416822.5720592,0.9349393259740704,5.815518481083917,29.123395358907416,2.177323144315065
1.3545091819841386,1.105630375407413,1.8727231446091106,0.24744143560820364,0.7596665466070416,4.8453132969795645,324.0797825682833,1067.9639993013961,0.029518619476870372,0.04053819764192637,5.967768859956262,0.006834594918833314,1.5639617318760632,5.967768859956262,2.0727659712376116,0.7999772103111352,1648458319.6433487,0.9070505365251211,2.8327073143045234,596.225335627031,80.9124379426514
1.2788787315439794,1.1856304675242522,1.9594549380495778,0.24964210087849503,0.8281597356228313,5.385859853320754,460.48431513927125,718.0910297613005,-0.02291677487379258,-0.04087133232138665,4.559830152239336,0.39065014232642437,1.1801461844684722,4.559830152239336,1.8137959325582496,2.1410039455401417,1656040009.9703088,0.8983503964928442,0.7114956258403619,576.1285646336331,29.71000302245866
1.7103973235915653,1.4223120478319522,1.5523574472564947,0.24788582019698036,0.14424918690453464,0.7061462519853959,66.01206462089581,237.20864986919196,-0.006102857929436392,-0.018068636240958516,3.8542013463044418,-1.1716052967408421,2.7424016235357387,3.8542013463044418,1.3892101627718323,2.38832625968373,1647558391.4529963,0.46269738639015623,6.187939751225268,130.18393121874678,20.98256933799005
1.869646384205685,1.2793384044372895,2.6603359782100573,0.24121470819486412,0.9830042899269781,6.649379717748257,31.92508301427295,459.55548365517484,-0.042154361865773406,0.04500619670508049,2.627898500451395,0.642027919390501,0.9287684074043956,2.627898500451395,2.053158045607772,1.87125429168708,1671795650.8160732,0.7545814425026598,5.270952130978164,142.74913047756272,43.198053928694755
2.134171705362498,1.8252249006665706,3.268574288885168,0.24847787818100994,0.9035168071364797,5.993961469417698,7.097176249878731,39.33889534974738,-0.047464925658454254,0.04506071469375561,5.860505902197835,0.25867595073583116,1.3121203760590654,5.860505902197835,1.3198736821319554,1.4815002895570526,1670416640.0633059,0.7501096922611503,0.783278726889979,19.626794853055657,4.8143608522563826
1.9989322807974266,1.3494713992671616,2.064835519369219,0.24059474915733534,0.44969274289603534,2.572918131005681,16.546823365920627,331.15216100187166,0.046264841467792514,0.007343788812328611,5.44163990558777,-0.990831519974944,2.5616278467698406,5.44163990558777,1.7529791434585105,1.2938363903327634,1641809988.3998194,0.7480948432952114,5.785820187097063,95.41520422251135,32.13632312145921
1.8922098092954283,1.8045820126606347,2.278876769916963,0.24985953316322676,0.4167012989001371,2.350892826899383,28.36723013375425,43.04365458787594,0.03359801205122058,0.01318372121697993,0.2841172836214101,0.8437746507444045,0.7270216760504921,0.2841172836214101,1.466513054393481,1.0960019832420798,1662875198.33536,0.2259255270664445,5.465720040877738,35.209400173233284,2.1518563398990382
2.069390298490884,1.3639097697988527,2.0656432940336793,0.23944431193437524,0.4184722711591452,2.362699807009582,11.008548966137125,309.4977747546341,0.019597420609369795,-0.00515544780216802,0.16566858675591264,1.0005069836036782,0.5702893431912184,0.16566858675591264,1.698893301571806,2.9202019308665768,1669821790.3926451,0.8464254892008984,3.259955657340139,81.99001703623756,29.84272817364448
1.9939841035682457,1.4619662370039115,2.2795085557591603,0.24407542152277406,0.5373023972613645,3.1827460097948754,16.99365755405364,199.463787506773,-0.009104705558573012,-0.020678922830193548,2.3653890954595194,-1.0713420822571567,2.642138409052053,2.3653890954595194,1.9944221679575254,2.6094678294350344,1646273443.7937546,0.5498995915980766,3.715093130368747,70.86129449992727,21.07867977140298
1.9303777981197798,1.307535724632181,2.3533163591258233,0.2407494958735539,0.707952689188137,4.445461544719041,23.548990872464447,401.8739004483342,-0.03267056799291543,-0.017133545463008402,5.092856778653887,-0.46256464803268704,2.0333609748275836,5.092856778653887,0.4580723383513412,3.0317214530663694,1658523009.2586274,0.7154512682655,2.5070079264817298,119.33476414477533,38.21352343135077
2.092859624071522,1.8226348925098568,2.788511358098327,0.2488092599623821,0.6408386374782422,3.937960652834854,9.406260569382761,39.809568522134356,-0.034356295732891395,0.017251845607703847,6.203238869840792,0.659096140430929,0.9117001863639675,6.203238869840792,1.0154806258405058,0.390491244163796,1669513155.141648,0.26447796210678415,0.3440775244436625,21.609730240923643,4.542961781708801
2.0446542329665984,1.699950408275759,2.4741834808407033,0.24788153998867313,0.5257360939860246,3.100627580686114,12.75106374296319,69.12676019164027,-0.02497571018354047,0.025237452943768002,0.9450972001333201,0.519584344098049,1.0512119826968476,0.9450972001333201,2.374272533754348,2.296087890847489,1641636671.3132315,0.7366178402606952,2.10610638371665,33.67947595783669,7.796313631455439
1.9981756167073634,1.8315116313190545,2.9417383934786274,0.24952652514814647,0.7667321359002341,4.900510354408471,16.614125840292264,38.13788127658556,0.0049226664706120485,0.02915790437258485,3.7330333812446326,-0.6827873698541591,2.2535836966490557,3.7330333812446326,0.7422701066070895,2.947883485715063,1662617320.6589866,0.2330583733807828,5.0444769920494865,26.035236757766857,3.215894154057246
2.096788865140539,1.7321718421066412,2.264311860566848,0.24773299712363814,0.3660450365664572,2.018708659275816,9.154299177942796,59.73083784799906,0.02145959227000624,0.028961814279455392,2.3932078340230807,-0.620327105204209,2.1911234319991055,2.3932078340230807,1.5959365784538333,0.5693604692535909,1649966107.2507377,0.4060759207621561,0.02910385888503852,27.681562670278186,7.109349689072444
1.453738868969061,1.2042013972500794,1.75677210873821,0.24779645909547135,0.5265574517635797,3.1064434332291917,207.05489933991296,661.1008605948956,0.01601973767177313,-0.04087938969513097,6.094151893570651,-0.2620444967768376,1.8328408235717342,6.094151893570651,0.6614466270103719,0.20890418505061087,1669794844.2486749,0.5336949328333176,2.0954370955263593,376.98736007855206,51.62087665899547
1.5090375813905892,1.222418924238904,1.8774942045000067,0.24724729074054813,0.5896641889824177,3.560276806255327,161.09169699488527,599.6943226828148,-0.022006610305405717,-0.000557969529741853,5.29118924474418,-0.03095897486112431,1.6017553016560209,5.29118924474418,0.9276570290510053,2.328299187233347,1671270410.2519174,0.6587640210332218,2.5017676853495057,318.9368503261584,49.50986482422023
1.3950042781763654,1.3535491997469506,1.9842966324799463,0.24994312949192068,0.6588139618361142,4.072568796130517,270.41272771497654,325.5038891864473,0.04548652806631941,-0.04424412399833558,5.267374600027916,0.2387718956316247,1.3320244311632718,5.267374600027916,1.7209327183028336,1.804760512050869,1670423190.6253407,0.8261339617053961,3.3765561565224718,296.82535901443794,6.63639151554208
1.5751036952973427,1.3714077904234157,2.3982901157040377,0.24880521894409607,0.8753308053790475,5.764940551228307,120.86171916234306,299.3433416033154,0.023789691669576854,0.0049528882323735535,2.9448859751993313,-0.26527299193942966,1.8360693187343262,2.9448859751993313,2.840663129696451,2.6446831006442695,1655559009.644829,0.3159746930785474,5.779623293771278,193.29197923809738,21.733522211508497
2.18235186160636,2.009938541152784,2.618296608536857,0.2495771572168918,0.43629809391589003,2.4822507015646793,4.553182785734082,15.524591502889265,0.005435405251140071,-0.0058469498626623,2.6063878022195657,-0.07500086288672136,1.645797189681618,2.6063878022195657,2.0517730246977037,0.43910787158393677,1667823075.5266445,0.6498147698854282,2.1761560630007115,9.372109428195245,1.8505230675814235
2.0574545153480415,1.5372717767635535,2.627351059071567,0.24476495733014905,0.7006021874272772,4.389234605052986,11.824032922357947,142.6328869060567,0.011172074623435224,0.038770418275829985,1.7178672972340057,0.5177679389001244,1.0530283878947722,1.7178672972340057,1.487431370560303,2.498405944579134,1667269896.9002354,0.22975482370000633,2.1799712604332906,51.74464454459097,15.84139763509068
2.0922895953385985,1.1077333708106374,2.3014955178557934,0.22633454478772472,0.7539068803021615,4.800417079783042,9.44361464195042,1057.6948457049407,-0.00803999375722101,-0.01490849874479213,0.35421769224205724,-1.1853576494521967,2.7561539762470932,0.35421769224205724,1.3005628582021023,0.6334309074249922,1650653940.8050876,0.38890902584550524,4.6338570061497775,163.34455823127723,69.83446869248561
1.8020623398618905,1.6681421347951373,1.8327313128345144,0.24962767509351286,0.2144177194916996,1.0942296778570713,43.46492138619198,79.70288419989913,-0.025226901049884256,-0.038293298357239415,5.433210929275169,-0.5179799778476033,2.0887763046425,5.433210929275169,2.076273081797721,0.5141403078232082,1666775514.6897824,0.4920721369342292,2.841369121841843,59.61928673815618,5.007580937821886
1.984127607673229,1.5643172410683697,2.7014924046252027,0.24650078838975545,0.7639030192612575,4.87839304988091,17.883215029785035,126.63173769341319,-0.014402732134873843,-0.03570083179471642,5.107607676757562,0.4408398514660077,1.1299564753288889,5.107607676757562,2.376456200422863,0.5160562240160729,1641733488.228027,0.860251992265674,1.411233723418167,54.67843724137775,13.794014921677269
1.6591205468199952,1.3470670035038521,1.8250038368098902,0.2473061953302346,0.40380476511862007,2.2653004814058324,83.0371741150711,334.48838489868626,0.02578461104643691,0.02615106317174723,6.281411396119178,0.9114840108901604,0.6593123159047362,6.281411396119178,0.8367754729101242,2.559061956878871,1659418702.605311,0.11065582711701775,2.8427613201523805,173.58073776928836,29.672353282784307
1.7417330114698957,1.2333351450732717,1.593428034309115,0.24269948314201628,0.2525475544131445,1.3161559942188314,57.28697101494938,572.2768527154838,-0.048560651137024416,0.011821806331626106,6.262053931296697,0.02335700790864026,1.5474393188862563,6.262053931296697,0.2504364038611914,2.0897787017275307,1647836649.4562466,0.6920937804068622,0.885030760863454,200.82218360638942,53.05340269449988
1.6478639878829937,1.4755544145851915,2.6748421988382587,0.24923915096675864,0.9710527331715897,6.5499621575403175,86.45421781028627,187.35784912057412,-0.03839273594930838,-0.039887732387720976,3.4898803317841263,0.06427120985400414,1.5065251169408924,3.4898803317841263,1.5193933284282752,1.64325849580149,1644375832.2888033,0.52667050294493,1.1082721219935863,129.22385832897703,12.961011553423132
2.148868450986196,1.317183267207791,2.883623229635878,0.23560578912697103,0.9805777794199778,6.629170845838548,6.295188360036737,383.64894501262836,-0.045399735797824727,-0.04158931938850026,4.831690428468192,-0.9037557277058852,2.4745520545007818,4.831690428468192,2.287153265850197,1.1272992128064643,1642996662.9231994,0.5203579297466526,3.131337067248514,82.93978680052409,33.84244447960127
1.9036371116998696,1.4595226109734234,2.736622694884775,0.245640517595115,0.8892412902142742,5.877738648580901,26.988673744973404,201.669296312115,-0.045927119768102986,0.020096913145912,5.9361381527240695,-0.10537014325296035,1.676166470047857,5.9361381527240695,2.0436013239558375,2.7558067747434545,1662581540.186329,0.8177986934175198,2.6321862291305793,83.3048574438099,20.834786967638305
1.6770893157173556,1.4123239390273554,2.0585941797072245,0.24816384059523522,0.5376292576007411,3.1850735021882137,76.54887991467442,248.32984997043394,0.03554605840110073,-0.04272369936358065,5.3384920013877855,0.06528088981220326,1.5055154369826933,5.3384920013877855,2.8695299066107767,1.2329026664162086,1651310880.0542593,0.013190151928893857,5.748146323924556,142.38222353398493,21.083871595106686
1.8820201694506322,1.1270484543104857,1.6472673236359199,0.23426244769274085,0.30770680978494636,1.650051371676513,30.063244680635133,958.5380735207333,0.020365785938002368,0.03218600592903563,1.554133958631621,-0.5410764717251384,2.111872798520035,1.554133958631621,0.5941982632111398,2.5654227999694497,1663482082.7559912,0.2692821841197413,2.2769880223411505,211.94838056416316,75.59724405781054
1.8180067448170698,1.5044921970764678,2.6082636800905097,0.24777399722347895,0.8132312960185156,5.26702359070317,40.62487998687132,164.56437881321457,-0.002582617091267482,0.02062422271564962,2.830852291216311,-0.47970054311191435,2.050496869906811,2.830852291216311,2.4410582940225227,1.3795830026990237,1642629942.3512805,0.26428594355767515,3.6479441919866376,86.57864532363126,15.647669446361789
2.1809853409825966,1.2970133547167515,2.395444414212434,0.23385053337439363,0.6470002455510384,3.9839906016635647,4.623826966362639,424.2383176387836,-0.04021658393489985,-0.041865121935810025,0.8115325395637817,-0.24796496103941323,1.8187612878343098,0.8115325395637817,1.417159676475661,1.1842058502928858,1650533455.1790147,0.9905814240314812,3.972633684110357,84.24467152771915,35.847628432725514
2.1706015636630296,2.146141888766085,2.52330466051997,0.24999197345044175,0.3429437177669821,1.8708885149262802,5.179625706228016,6.432939151047446,-0.0008384124883167657,-0.04151622859148081,5.994479396771595,-1.2864941046017448,2.8572904313966414,5.994479396771595,2.039678696071181,1.4535514156241356,1657623227.4440098,0.27279692019225404,0.08227489724131884,5.795571467379899,0.22661066385761025
2.161125561398399,1.3800761361478142,2.5238824387827834,0.23783825997495087,0.6871334137769969,4.286610104962848,5.66677990894873,288.1524448285695,-0.0026528229219434304,0.048663957850117553,3.808707556766726,-0.36381453065259617,1.9346108574474927,3.808707556766726,1.462227158519125,0.9468065154285779,1665567782.2078037,0.47541537708950904,4.169128266619951,68.21588321488875,27.39312635574209
2.1176715669075135,1.653126421296153,1.9276144844887895,0.24620572042845096,0.18524472395077823,0.9295950014472198,8.045052619522663,84.64555518554053,-0.032679813008998485,-0.01257292042438797,1.4366051161316769,-0.615178106761403,2.1859744335562996,1.4366051161316769,1.2631243294668768,2.348684136516529,1650642937.148719,0.2612031996614466,1.1186329711855338,33.35635793579262,10.068512330825946
1.5117549972653717,1.4346892766543624,2.497793021571607,0.24982897246645766,0.9483749406191427,6.362152897002636,159.03392984262138,225.42486499548022,-0.006614835076202696,-0.012935785293310909,4.220419871081352,-0.3522444271538663,1.9230407539487628,4.220419871081352,0.8506647221135496,1.5793426843243275,1660355405.4622416,0.9818070360769898,6.038582897890501,189.83545379978392,8.42798641929939
1.416849224136901,1.1171935418299874,1.635999645948382,0.24650411479063547,0.49580424514598165,2.8903448421801454,243.07043481886276,1011.0179081955787,-0.010149526560262655,0.03127995672575026,3.8838142783978213,-0.8640454173534939,2.4348417441483905,3.8838142783978213,2.1983390777624097,0.7295176971435274,1668579960.745824,0.4340451206831133,0.9340754667435982,507.17304540816326,82.68370213092332
2.132637641465461,1.141032089470306,2.4202955775961805,0.22706238904319606,0.7994775077052664,5.158034204174205,7.183322735519932,893.8748219159763,0.011585009805221647,0.04472485773838587,2.2504027275234484,0.896352788198483,0.6744435385964136,2.2504027275234484,2.931484401064541,2.826096870755557,1660038290.0819762,0.3014411398429799,2.6051602022038463,140.28801907790017,60.726608524077264
1.7780636535025462,1.5763010100743353,2.249218775521734,0.249095515813183,0.5438385462341131,3.2293592978483776,48.45405027790483,120.23270823871673,0.013509365086764383,0.048600106382287095,0.7135033948274002,0.18829561390080363,1.382500712894093,0.7135033948274002,2.3836164175605856,1.206029840843694,1647929955.6944494,0.7749838524681777,0.5362677804443896,78.33900038005474,9.554485145204309
2.175281905024007,1.6591671888088095,2.814147845180994,0.2454707474162832,0.7046847913669462,4.4204450153159,4.929924762360697,83.023102336929,-0.04546959902279555,0.02533781852589416,4.2196188352443205,0.366344218756129,1.2044521080387676,4.2196188352443205,0.6434389667251363,1.7076216753134197,1641334829.2746935,0.23351072588939525,6.263545652304099,29.554322215462737,10.20761944741928
2.1719060250574427,1.1572636360175688,2.35509394610394,0.2267782921865954,0.7231037183280605,4.561841524325464,5.110596972008369,824.8654502591639,-0.012538738537352878,-0.012374041446908422,3.2691897015311047,0.6166954332068422,0.9541008935880544,3.2691897015311047,0.726083982525309,2.8477661244902523,1668077832.6300447,0.6064652937193434,3.155384310252164,126.69524367808083,56.058803612074726
2.048865731808861,1.409959144660315,2.09393209513126,0.24146983184493706,0.4200913825747568,2.3735055250033508,12.433277026823879,251.18649156024327,0.012585991571423635,-0.041649928330133125,4.852619571417937,-0.0031156071824203213,1.5739119339773169,4.852619571417937,1.3747160707834694,1.9611015020550129,1641235807.8176754,0.08429117967963046,3.7409143929401627,74.49306634351552,25.48037636243854
2.110331560853078,1.4275373580716497,2.9846803869280283,0.24068814546328132,0.982819920740524,6.647843791585669,8.39098604712496,231.9972775602438,0.0003136258580087731,0.027714691592743687,3.268283667517969,-0.9722568784802217,2.5430532052751182,3.268283667517969,1.3683832552364397,0.36724602590843713,1668223384.1742887,0.2957019971918459,0.4214539371843313,64.34395119217257,23.613839541327184
1.528372787342189,1.3664824724324864,2.3509738325968397,0.24921814172704004,0.8692747902107517,5.7159746421757305,147.89224020339336,305.89731279378503,0.03564898411883223,0.005840424973580505,5.3544142818517075,0.07428137546604563,1.496514951328851,5.3544142818517075,1.2344150487061158,2.9525696951517877,1657289479.627062,0.39939890837550945,4.712140608577605,214.82628169268503,19.362148087961863
2.0467824952136224,1.2611773210261332,2.7334607834323053,0.23589970404003577,0.965695233734786,6.505494233041528,12.589048956604508,499.18446459060175,0.015869363161894495,-0.007577799075302372,3.4677329403197805,0.17456750908504515,1.3962288177098514,3.4677329403197805,2.2774040377594607,1.9720030081283184,1670258792.3894541,0.9181670247136346,1.3188757384330012,113.12568801085166,43.068981499569865
1.6444546348107951,1.4525358698212576,2.6091771748623023,0.2490399471492107,0.9400024908145922,6.293095377241476,87.72671002240439,208.20671557794233,-0.03370655729185704,0.0406354385094736,3.52447722099026,0.5130983282609403,1.0576979985339563,3.52447722099026,0.5937939609288443,1.052137018652676,1665822660.994929,0.43347813337849544,5.642641516463496,137.68968590700783,15.333150068893351
2.196412159856976,1.288539362711375,2.555955279432553,0.23303333312166752,0.7575418756937234,4.828741256470625,3.8204449390339654,440.5100052682142,-0.04294312525995702,-0.038880251769384866,5.5081770357089646,-0.13711009678886188,1.7079064235837584,5.5081770357089646,1.7339785277085982,0.43753612032952127,1672120289.6169295,0.5222623738597537,1.28893037499665,84.14236186603914,36.49137366366789
1.7193713727184543,1.3692560450166555,2.608789958263457,0.24678758820168584,0.9555980859018617,6.421852774132752,63.32175798090577,302.18615305536446,0.014241927820631564,-0.0007374895709140877,2.53515761668444,-0.8402941087339073,2.411090435528804,2.53515761668444,1.8067012527253385,2.4945037013768068,1651653567.3129401,0.9903372044205708,1.198126284733515,146.31500664670776,28.162965562140307
2.1413544412397405,1.8476662585347299,2.238251804005612,0.24864487183230313,0.2932871107817936,1.5613453121684815,6.684897892946931,35.155189780968136,-0.04734886894583782,-0.04886463552325809,0.8420425143393815,-0.4472062195799382,2.018002546374835,0.8420425143393815,1.5329518833954883,1.948016014716195,1664823552.9478958,0.8380670881102995,0.22964833600544388,17.915910571494603,4.31199287311101
1.9472060292261548,1.8742456055436332,2.3819726706438376,0.24990887071382725,0.4323178481120417,2.455445926264442,21.66308152404665,31.29591410674241,0.008577558127346327,-0.0031339358005873716,0.18084688891327733,-0.27737861663642205,1.8481749434313186,0.18084688891327733,2.7046934579039963,1.6759174475288006,1653273238.1225169,0.7878524990142258,2.9660840935202994,26.21475280001759,1.466474262051869
1.734121352190988,1.3643418787920303,1.620134107195423,0.2464393202528571,0.21165398997234802,1.0784377830613574,59.19255394196411,308.8786592543982,0.04402302414249576,-0.04436967243181627,4.744667309752398,0.2961442523640212,1.2746520744308754,4.744667309752398,2.3015529529242347,2.8082463720112925,1655738036.8154984,0.39372157775811417,3.549001509406338,144.04347315954118,29.190094759606026
1.9100490963047814,1.2080966269311746,2.0464433397400135,0.23733040869205357,0.555576181960667,3.313439878701996,26.18538806417419,647.4799855364123,0.007547417787587898,-0.03811820837319281,3.89751985896725,0.1420336822015964,1.4287626445933002,3.89751985896725,1.0746191133708975,2.477451205424384,1660406446.7600765,0.574180233787324,0.4128595578109848,162.82714517452345,55.938345547432164
1.7841181870720484,1.50911247716874,2.2946240062396233,0.24825667190293357,0.6074920169862906,3.690902267350087,47.093675770144856,161.03486198709655,-0.011183007379347812,-0.038247375322289515,4.423863654003452,-0.29193568674929327,1.8627320135441898,4.423863654003452,2.5578444326721383,0.4765006879025265,1668190985.175646,0.9196869026957705,4.872783726530092,90.98190798973526,14.56231325885012
2.201310384062101,1.8033607081699508,2.612339319428366,0.24753133242000602,0.5075947855402313,2.972789568143856,3.5256703017720206,43.24859644203013,0.014328821844235312,0.01492103021160636,1.3380932905486083,1.3380234436630452,0.2327728831318514,1.3380932905486083,1.3629999141312181,0.9793037581483137,1671682299.096408,0.43904826657641477,2.8480977463973627,17.78222128107663,5.861091583772106
1.804722120922368,1.255825847861559,2.4837074472252634,0.24195877542511868,0.9013252778112034,5.976089038265679,43.01969609824061,513.5576375196732,-0.004174710950848336,0.024604487926542323,0.8568472517251914,0.21316021191461587,1.3576361148802807,0.8568472517251914,2.1051695938454538,0.7806516561379725,1664857867.2025893,0.23631019010983548,3.294841235466997,169.43633339203157,48.0110448183355
1.6959819488879155,1.6765765452610144,2.3220829661839337,0.2499917231251664,0.581841130691051,3.503285211796805,70.33685028147488,76.73230455858858,0.004561678931593496,0.008336876509715964,0.0913868296222751,-0.5533572507718949,2.1241535775667915,0.0913868296222751,1.7940551869172856,2.3371762074116846,1653774006.2924082,0.5996491165247352,2.769394015514389,73.48291615659616,0.8777291973216965
2.0759671907835764,1.2004360129754836,2.068590988787204,0.23214793099829034,0.5164161326980239,3.0348037774481247,10.608767266200006,674.206075457631,0.04414648087765252,0.04621725484745419,2.202806598373569,-0.9213769585137901,2.4921732853086866,2.202806598373569,2.0071223116191885,0.1053452506229037,1653887537.6688063,0.9172673458839632,2.5180685757521664,129.7592894859852,52.52829691549945
2.0291689660401167,1.9240119169620122,2.958989627974191,0.24982310179892675,0.7203515321798113,4.540653053649051,13.953016342878563,24.37376594212743,-0.011389736219922578,-0.012512942047629594,3.706562142490399,-0.7674213996768131,2.3382177264717097,3.706562142490399,1.8636176165140974,1.7903612473483304,1663887340.5737646,0.972608306197804,3.5163239069809102,18.76181773383386,1.6276367707866013
1.8753423445926591,1.4568274761178739,1.9651390815680705,0.24605626668988084,0.3678721515011389,2.0305000794619827,31.146606276061522,204.14255642600065,0.04611905638239143,-0.02142879137181393,2.464542020999325,-0.5329594327988474,2.103755759593744,2.464542020999325,1.1173214879733464,2.395334605788682,1648113924.4143436,0.9100811855126008,0.9754032323147984,88.35196235087172,20.756095603395877
1.8814251883893816,1.307478383424823,2.5660210021921466,0.24190157583070002,0.8855393538510664,5.847676246740961,30.163444787748528,401.983300354753,0.040535064195606374,0.03685991281894603,2.7487360023190295,-0.7459056347431687,2.3167019615380653,2.7487360023190295,1.9886027782557019,2.754440483370689,1644056674.595086,0.8226020011461547,1.143088156490538,129.50648410576645,38.52829325947531
1.499888690675827,1.1453572164798254,1.4462905118220364,0.2455092642595042,0.2698392744466912,1.4192302049257501,168.1796676523522,874.6761921890801,-0.030420886521070358,-0.027640416148054736,5.680996624601796,-0.6775241583747929,2.2483204851696894,5.680996624601796,1.4375934926336265,1.0746815086930446,1651777221.7177796,0.42544090109214533,5.414758751890767,397.13519081008945,74.98275290641232
1.757294079643947,1.4265840001838073,2.743568496689465,0.2473027449551894,0.9926086730695508,6.7294888267185975,53.36971100854358,232.92853885893152,-0.043063869912483455,0.04632225394406113,2.188153633545766,-0.44428196419298516,2.0150782909878817,2.188153633545766,1.6187138574500741,2.58005591506455,1649646404.2896821,0.6956791755506418,5.944618770573466,117.84706429182775,21.83961026041542
2.000312487943073,1.8537051317852384,3.130167903248315,0.2496382370046045,0.867528653589018,5.701872319359335,16.423473536010533,34.14475236842577,-0.03992219986225734,-0.04878455253101837,3.2294912063336643,-0.7118726972604703,2.282669024055367,3.2294912063336643,1.2373067557369042,0.34755985207235746,1649933191.9083076,0.024068262725443604,2.345571611082201,24.317167579283176,2.6669851172607615
2.0011492594408113,1.1184518733454447,1.853750895781349,0.22998454113506045,0.4352683812239761,2.475310085079092,16.347447192071847,1004.3529320282372,-0.04817781743484503,0.04698788267076391,4.923837095582167,0.9165895030812392,0.6542068237136573,4.923837095582167,0.5081225884295277,2.6592083013274066,1647950455.7468007,0.012902598261340296,1.7011389522927165,181.3811875637227,72.28656397537137
2.064508898262966,1.6696391187729078,1.7366262706793478,0.2472044662139343,0.07567493740918053,0.35422276318515755,11.351173021553942,79.20432954773317,-0.04055570392440716,-0.04568400880494239,2.4915517835491174,-0.9964221981922718,2.5672185249871684,2.4915517835491174,1.0869988342372048,0.40051744499814573,1641894305.679957,0.7266611998734248,4.0463684679097485,35.31731023950666,9.150596794588111
2.1158652517447765,1.3519480623659161,2.7740298785606368,0.23786831419077048,0.8934483725806851,5.9119416293508795,8.127816490968975,327.7809503633364,0.01830067734163568,0.039114311369807114,3.9086860146636067,0.04904243593160862,1.521753890863288,3.9086860146636067,2.1774473163017802,1.2481148333890433,1641128434.713714,0.8381443997233456,2.568152538385786,79.19731636602455,30.652911307788358
1.8176735826212096,1.66880410456206,2.770190920001425,0.24954419660061603,0.827402971032111,5.379822362415532,40.68441962901577,79.4812233852323,-0.0428811351539771,0.002770110908629983,5.418390984242445,-0.18017967842557248,1.750976005220469,5.418390984242445,2.7865559485727056,2.5047772638742325,1671797370.4971886,0.7745396536880619,0.15950717688791416,57.7581599902701,5.341049199751985
1.6578737995485762,1.2939607213029891,2.3439543829351233,0.24620028239692027,0.8411281572997095,5.489541493340738,83.38618921948576,430.1897479012725,-0.018102436970623872,0.04929647961193004,5.966014031429695,1.3045192427430337,0.2662770840518629,5.966014031429695,2.0662967077883723,0.47097948840398923,1654090431.144249,0.2720009036266008,0.981135705449177,199.78645111443706,39.39280225212336
1.9880029808987025,1.8685813308361876,3.1321821134486534,0.24976028208959253,0.8669390904997997,5.697112459937264,17.536682602587263,32.07962524552171,0.034487531096945453,-0.04262034352646012,0.9240899344490883,-0.8881756634364475,2.458971990231344,0.9240899344490883,1.3794754245893244,0.7202144990880767,1652716548.9671423,0.32705018621479953,4.498586188642588,24.160408093563216,2.210266814836463
1.823003123674526,1.5301944310602713,1.8436238821380977,0.24809370697830793,0.26894773687661644,1.4138795799248678,39.74495546706876,146.76406210712238,-0.04767280642641741,0.005385428440132081,5.8219217522291276,-0.20573713219710044,1.776533458991997,5.8219217522291276,2.6840673128887276,2.2690233629000165,1662055296.2322333,0.7103361662720721,4.140141230358719,80.40335270257428,13.713680732868744
2.1419942951077853,1.8808498609546755,2.7653120493562056,0.24894649854477793,0.5832420800587246,3.513476367542948,6.649022226222631,30.261318995846526,0.03144684825889359,0.0469302535619099,3.0920578621010373,1.2195390892362283,0.3512572375586682,3.0920578621010373,1.578063896368146,2.262061493529386,1647464929.7436242,0.37800295281028634,0.17024914198133567,16.244168254511326,3.65687848361729
1.9852192537993578,1.2529747536440135,1.8225163292944673,0.23721659595198397,0.33438613795857886,1.8167345568897717,17.785213893379865,521.3523242994298,-0.02181452252266001,0.002309784417014883,1.622597346221595,0.8198071529546501,0.7509891738402464,1.622597346221595,1.375878724902002,2.0142246933389356,1670603270.5433476,0.9160987823157836,1.3946922264599957,127.6350031404382,45.89679720043927
2.0900190022100342,1.4793934178694046,2.932723878958444,0.24268361516236944,0.9215432825658287,6.141383587745933,9.593345000867421,184.12951431664206,-0.03818351723783438,0.012939863813526256,2.8848350375970315,0.6869011342927787,0.8838951925021179,2.8848350375970315,1.9087023100425808,2.1801033351079058,1665429334.5838544,0.8686250877913834,1.4518857667816818,57.474682250997134,19.71416336246154
1.4759771006032596,1.2262250202301537,2.0761177693160446,0.24786438689785947,0.7742126683547409,4.959093444992415,186.995951752368,589.6296380289671,0.01967371653641506,0.019574868898461717,6.157726277591081,-0.5054421437097276,2.076238470504624,6.157726277591081,0.9981900892161478,1.705019124144418,1643390608.4795191,0.09239662820961868,4.221626614580112,338.4102077494977,46.016647057464056
2.128605346849459,1.5177887958069298,2.43456942479802,0.24298489168340698,0.5603103552671962,3.3474863969057584,7.411758768953057,154.65949879964876,0.012894284677988394,-0.004545893523222676,3.0952107702268106,-0.7184582937664805,2.289254620561377,3.0952107702268106,2.476409076148368,0.7910500736429064,1653768124.3241813,0.531384388251621,0.12384496121482937,48.31536425597524,17.015688087158896
2.075929683141023,1.204543087479685,1.707828786591803,0.23236039385098314,0.2497139853582829,1.2994079346689231,10.610805559719592,659.891215620627,0.037747201352705304,0.012755808008406339,2.065607287470101,0.34403293684303193,1.2267633899518646,2.065607287470101,2.58625873462374,1.0860359935673383,1668363048.7690537,0.9166161611596194,0.6541335126767758,128.0855041378775,51.72868835744123
1.7432639235824532,1.3869276181842691,2.0862161776049866,0.24676019905997834,0.5432039565165735,3.2248271152961627,56.90187710469143,279.8294180121705,0.023507104380388583,0.008431431192310025,3.979774941397849,1.0328289982040149,0.5379673285908817,3.979774941397849,1.0968765876433468,0.5705060530120386,1670437911.901708,0.9969856039230857,5.026020994593435,134.16484056516518,26.469023606525326
1.8341492416157124,1.1399812589537293,1.9470794069642379,0.23638087755767684,0.5554506557435096,3.3125381817449795,37.6924272542136,898.5479157203516,0.03034809303848486,0.0401158010490989,1.5088794234906928,0.11377106660642022,1.4570252601884763,1.5088794234906928,1.579813816591717,2.8539816096352504,1655343575.5493479,0.8156976733041063,1.1218291972951335,220.80596672742092,74.06533630366326
2.0090569114729417,1.6179192345083178,2.886899101562834,0.24709256566944104,0.8414973521147034,5.492499211807307,15.60818367346223,99.4462378379366,-0.02179654274286935,-0.045455361965854216,0.47666334852610126,0.14371963100682184,1.4270766957880747,0.47666334852610126,1.1844519180878277,1.8327793766018083,1659960758.3141768,0.4016258302080913,4.101324754173561,45.0582739917501,11.005358144469493
1.7175910724349004,1.7036239048978032,2.6558524134001256,0.24999583326419472,0.7834622069918197,5.031733890913898,63.840236724314096,68.02302719072829,-0.03225604562202772,-0.02190368104077697,0.8097751751023822,-0.4556452360462995,2.026441562841196,0.8097751751023822,1.7015135927414498,1.2593118660857114,1645845232.256902,0.5801780495949571,1.4965465502959645,65.90757802686919,0.5822941522651013
1.6891696515361652,1.4187411032216108,2.6065450012194806,0.24810718572027501,0.935588719653021,6.256751352319711,72.54752841252551,240.9776313878025,0.025061475164085842,0.04504114840765587,0.8045357339849593,0.5692326608919891,1.0015636659029075,0.8045357339849593,2.102724374246791,1.4514340386442557,1671906348.763154,0.03931556318298429,0.624808697910992,136.79466870412128,20.691445979379157
1.7572276902366433,1.3690302546167823,2.2522567494499226,0.24614525444635676,0.6706220464973628,4.161525875661067,53.38566882772184,302.48521409720723,0.030683473926726407,0.039026378389091634,0.9544327719974517,-0.6763010199401589,2.2470973467350555,0.9544327719974517,0.8786323677491066,2.975978380592484,1647889233.209828,0.3023683537009093,1.527895937602438,136.49343656964066,28.994311285125058
1.2035651191687822,1.133927691883454,1.3622337112957852,0.24977811656690665,0.33958016327134755,1.8495639246579367,663.3458605224607,925.2516822388121,0.04905051420006733,-0.004434324721428705,0.8722768514280574,-0.3603924802914791,1.9311888070863756,0.8722768514280574,0.9287547222901789,0.48176764144716444,1670374659.2544105,0.26289038039603896,4.538136974097157,783.8407203447643,29.08552032327852
2.098039683269843,1.1415451625091804,2.444914358339693,0.2282065360589379,0.8313756899389313,5.411532624856667,9.07441851949929,891.5908290559976,-0.008738232308857355,0.012013259780153676,4.026734780290025,-0.14968546580051556,1.7204817925954121,4.026734780290025,1.1708239041778135,1.8416953335791486,1661106604.1930962,0.7000413519804699,5.37649947581088,147.02252623348397,62.22060323804105
2.101601838371285,2.0150396610188253,3.33303620314243,0.24988946234245107,0.860579440076139,5.645820032001819,8.854192379156157,15.099085931016054,-0.012798191420721687,-0.022261881701886733,1.1427862739652899,0.015221345132688358,1.5555749816622082,1.1427862739652899,2.04396570769707,1.5892961571176842,1659781314.0223773,0.3190379366154475,5.216425254775948,11.783442895333806,1.0336174314827458
1.8042457427810332,1.5006667855353906,2.480395364673519,0.24789057834744752,0.7330254049381743,4.638401647302348,43.10030545217331,167.57093918516264,0.027641296074199684,-0.03118788402762387,2.1718915957531806,-0.541218275315186,2.1120146021100825,2.1718915957531806,1.389340861404742,1.9209401340478534,1656775659.1707685,0.4361205503624393,2.495577717552403,89.6648301530534,15.751899425848377
1.4771280010163264,1.241338839269236,2.19891140305298,0.24811921303619341,0.8667555644097109,5.695630923238101,186.01856072504043,552.1419897507983,-0.015919645974698214,-0.003630159506001783,5.634687760770397,-0.8793527956609735,2.45014912245587,5.634687760770397,1.8525620826438123,0.05689482044671327,1647857551.0540636,0.9346727676444546,4.197702714045751,326.3449154120413,42.4248548977903
1.6809299415827035,1.4884517298673514,2.320981603434066,0.24907795084400966,0.6861491409697643,4.279131150400056,75.24835664352979,176.74843236733562,0.043075732560356475,-0.014664777197394722,2.9779888142664164,0.2230858833048548,1.3477104434900418,2.9779888142664164,2.526700826399967,2.73985806535896,1646145458.039291,0.06452727841216187,1.2879543131592461,117.50157690276924,12.993279904275829
1.9565209817618197,1.9075343855533218,2.870006345749066,0.24995982019218785,0.7065436223915146,4.434671071353907,20.66067671245144,26.493526063935562,0.03584127518430118,0.008365611185087204,4.19438897436935,-0.4364654195708866,2.007261746365783,4.19438897436935,0.5833407930575455,2.9283359485272524,1647535521.0977006,0.19726946676540438,1.8419015116090431,23.47040964340089,0.8956274539059066
2.0979223300130365,1.3400737481665213,2.3783417694296203,0.23785229772645403,0.6375119407035894,3.9131574007591516,9.081887163323625,346.15110741136147,-0.007100597262498162,-0.04222653630350152,1.0827176828691594,0.16319992908194325,1.4075963977129533,1.0827176828691594,2.3838113575383004,1.7754182578636706,1646458843.3008304,0.7016023013465705,5.631844045230688,84.0395205957433,32.1881031983859
2.0867720735602493,1.7928873102009606,1.951970826191524,0.24856547885882327,0.1598858130345618,0.7902605484756122,9.816732110384828,45.12361357010191,0.025087106779149743,0.04743948076661665,1.2081875377106193,-0.7632514528466339,2.3340477796415304,1.2081875377106193,0.4499365303674443,2.1885931104089216,1665215550.0569172,0.3874925693252061,0.08169349476772948,23.671086861322266,5.164738285723322
1.9675134557970262,1.1949383202147186,1.7551075681697457,0.2350798345587334,0.32297184377428856,1.7450204151985635,19.459811384655502,691.7274903841633,0.025454287408468237,0.048621074447960294,0.25678508925030064,-0.037728746536322744,1.6085250733312193,0.25678508925030064,1.6789957746640105,2.8981172788477223,1651635018.995474,0.7750698308314855,0.5372659447033061,154.6205147783282,57.11740647489617
